Tanggal,Harga_Ayam,Harga_Cabai,Harga_Beras_Premium,Harga_Beras_Medium,Harga_Minyak_Kemasan,Harga_Minyak_Curah,Harga_Tepung_Kemasan
2024-01-01,39667.0,73333.0,14917.0,12908.0,17500.0,15200.0,12833.0
2024-01-02,38500.0,75833.0,14833.0,12908.0,17500.0,15200.0,12833.0
2024-01-03,38500.0,75833.0,14917.0,12908.0,17500.0,15400.0,12833.0
2024-01-04,38500.0,78333.0,14917.0,13075.0,17667.0,15200.0,12833.0
2024-01-05,38500.0,77500.0,14833.0,12908.0,17500.0,15200.0,12833.0
2024-01-06,38167.0,74167.0,14917.0,12908.0,17500.0,15200.0,12833.0
2024-01-07,38167.0,76667.0,14917.0,13075.0,17500.0,15200.0,12833.0
2024-01-08,40667.0,72500.0,15017.0,13075.0,17500.0,15200.0,13000.0
2024-01-09,40667.0,72500.0,15017.0,13075.0,17500.0,15200.0,13000.0
2024-01-10,40333.0,75000.0,15017.0,13075.0,17500.0,15200.0,12800.0
2024-01-11,40333.0,74167.0,15017.0,13075.0,17667.0,15200.0,13000.0
2024-01-12,39833.0,71667.0,15017.0,13075.0,17500.0,15200.0,13000.0
2024-01-13,40000.0,70833.0,15017.0,13075.0,17500.0,15200.0,12833.0
2024-01-14,39833.0,75000.0,15017.0,13075.0,17500.0,15200.0,13000.0
2024-01-15,36800.0,72000.0,14900.0,12940.0,17000.0,15200.0,12800.0
2024-01-16,39000.0,70000.0,15017.0,13075.0,17500.0,15200.0,13000.0
2024-01-17,39000.0,72500.0,15017.0,13075.0,17500.0,15200.0,13000.0
2024-01-18,39000.0,73333.0,15017.0,13075.0,17500.0,15200.0,12833.0
2024-01-19,38429.0,71429.0,15014.0,13064.0,17429.0,15167.0,12714.0
2024-01-20,36800.0,70000.0,14900.0,12940.0,17000.0,15200.0,12600.0
2024-01-21,38429.0,69286.0,15157.0,13207.0,17429.0,15167.0,12714.0
2024-01-22,38857.0,70714.0,15371.0,13279.0,17429.0,15167.0,12714.0
2024-01-23,38429.0,70000.0,15371.0,13279.0,17429.0,15167.0,12714.0
2024-01-24,38429.0,70714.0,15514.0,13421.0,17429.0,15167.0,13000.0
2024-01-25,38857.0,75000.0,15586.0,13421.0,17429.0,15167.0,13000.0
2024-01-26,38571.0,73571.0,15300.0,13253.0,17429.0,15167.0,13143.0
2024-01-27,38429.0,73571.0,15586.0,13421.0,17429.0,15167.0,13143.0
2024-01-28,38143.0,72857.0,15657.0,13564.0,17429.0,15333.0,13143.0
2024-01-29,38143.0,71429.0,15586.0,13396.0,17429.0,15333.0,13143.0
2024-01-30,38286.0,68571.0,15800.0,13707.0,17429.0,15250.0,13000.0
2024-01-31,38143.0,70000.0,15800.0,13564.0,17571.0,15333.0,13143.0
2024-02-01,38143.0,69286.0,15657.0,13564.0,17429.0,15167.0,13214.0
2024-02-02,37714.0,68571.0,15800.0,13707.0,17429.0,15167.0,13214.0
2024-02-03,38167.0,67500.0,15600.0,13440.0,17500.0,15200.0,12833.0
2024-02-04,38143.0,71571.0,15657.0,13533.0,17143.0,15333.0,13143.0
2024-02-05,39000.0,71375.0,15650.0,13533.0,17750.0,15167.0,13125.0
2024-02-06,38143.0,72857.0,15800.0,13583.0,17286.0,15000.0,13000.0
2024-02-07,38000.0,73571.0,15871.0,13667.0,17429.0,15167.0,13143.0
2024-02-08,38143.0,74286.0,15871.0,13833.0,17286.0,15083.0,13143.0
2024-02-09,41667.0,72500.0,15583.0,13375.0,18528.0,15125.0,13556.0
2024-02-10,38583.0,72917.0,15633.0,13636.0,17083.0,15182.0,13250.0
2024-02-11,37200.0,75000.0,15700.0,13400.0,17000.0,15200.0,12800.0
2024-02-12,38429.0,74286.0,15729.0,13667.0,17429.0,15167.0,13143.0
2024-02-13,38429.0,75714.0,15729.0,13500.0,17429.0,15250.0,13143.0
2024-02-14,38714.0,72857.0,15871.0,13500.0,17429.0,15167.0,13143.0
2024-02-15,38429.0,72857.0,15871.0,13667.0,17429.0,15167.0,13143.0
2024-02-16,38714.0,77857.0,15871.0,13667.0,17429.0,15167.0,13143.0
2024-02-17,38714.0,80000.0,16014.0,13833.0,17429.0,15167.0,13071.0
2024-02-18,38714.0,81429.0,16514.0,14417.0,17429.0,15167.0,13143.0
2024-02-19,38714.0,82143.0,16514.0,14333.0,17429.0,15167.0,13143.0
2024-02-20,38714.0,82143.0,16586.0,14417.0,17429.0,15167.0,13143.0
2024-02-21,38714.0,80000.0,16729.0,14833.0,17571.0,15333.0,13071.0
2024-02-22,37571.0,86429.0,16800.0,14750.0,17429.0,15167.0,13143.0
2024-02-23,37286.0,86429.0,16800.0,14917.0,17429.0,15167.0,13143.0
2024-02-24,37286.0,90000.0,16800.0,14750.0,17571.0,15333.0,13143.0
2024-02-25,37286.0,87143.0,16800.0,14917.0,17571.0,15167.0,13143.0
2024-02-26,37286.0,87143.0,16871.0,14833.0,17571.0,15333.0,13143.0
2024-02-27,37286.0,82857.0,16871.0,15000.0,17429.0,15333.0,13143.0
2024-02-28,37286.0,82857.0,16871.0,14833.0,17571.0,15333.0,13143.0
2024-02-29,37286.0,82143.0,16729.0,14833.0,17429.0,15167.0,13143.0
2024-03-01,37167.0,80000.0,17250.0,14800.0,17667.0,15200.0,13083.0
2024-03-02,37286.0,80000.0,17071.0,14833.0,17571.0,15333.0,13214.0
2024-03-03,37286.0,78571.0,16929.0,14667.0,17571.0,15333.0,13143.0
2024-03-04,37286.0,79286.0,16929.0,14667.0,17571.0,15500.0,12857.0
2024-03-05,37571.0,80000.0,16929.0,14667.0,17571.0,15502.0,13143.0
2024-03-06,37571.0,78571.0,16929.0,14667.0,17429.0,15500.0,13286.0
2024-03-07,37714.0,81429.0,16929.0,14667.0,17571.0,15500.0,13214.0
2024-03-08,37857.0,82143.0,16514.0,14500.0,17571.0,15500.0,13286.0
2024-03-09,37857.0,80714.0,16514.0,14583.0,17571.0,15333.0,13286.0
2024-03-10,37714.0,80714.0,16586.0,14667.0,17571.0,15500.0,13286.0
2024-03-11,38429.0,81429.0,16586.0,14667.0,17714.0,15583.0,13286.0
2024-03-12,38143.0,80000.0,16300.0,14333.0,17429.0,15333.0,13286.0
2024-03-13,38714.0,88571.0,17514.0,15000.0,17571.0,15417.0,13286.0
2024-03-14,39571.0,93571.0,17857.0,15000.0,17714.0,15583.0,13286.0
2024-03-15,39429.0,89286.0,17643.0,14917.0,17571.0,15333.0,13357.0
2024-03-16,39000.0,90000.0,17643.0,14750.0,17714.0,15667.0,13357.0
2024-03-17,39286.0,86429.0,17500.0,14583.0,17571.0,15667.0,13357.0
2024-03-18,39286.0,85000.0,17500.0,14833.0,17643.0,15667.0,13214.0
2024-03-19,39429.0,79286.0,17643.0,14833.0,17786.0,16333.0,13357.0
2024-03-20,39429.0,77143.0,17643.0,14833.0,17786.0,15917.0,13357.0
2024-03-21,39429.0,70714.0,17643.0,14833.0,17786.0,15917.0,13357.0
2024-03-22,37833.0,65833.0,17250.0,14500.0,17667.0,15800.0,13250.0
2024-03-23,39500.0,61667.0,17417.0,14800.0,17833.0,16000.0,13417.0
2024-03-24,38714.0,65714.0,17500.0,14833.0,17786.0,15917.0,13357.0
2024-03-25,37792.0,65833.0,17083.0,14500.0,17667.0,16000.0,13250.0
2024-03-26,38821.0,60000.0,17500.0,14833.0,17714.0,15917.0,13286.0
2024-03-27,38964.0,59286.0,17500.0,14833.0,17714.0,15833.0,13357.0
2024-03-28,38857.0,57857.0,17500.0,14833.0,17714.0,15917.0,13357.0
2024-03-29,38857.0,54286.0,17500.0,14833.0,17714.0,15750.0,13357.0
2024-03-30,39714.0,54286.0,17500.0,14833.0,17714.0,15750.0,13357.0
2024-03-31,38857.0,53571.0,17500.0,14833.0,17714.0,15667.0,13357.0
2024-04-01,41429.0,54286.0,17500.0,14833.0,17714.0,15667.0,13286.0
2024-04-02,41429.0,54286.0,17500.0,14833.0,17714.0,15833.0,13286.0
2024-04-03,41000.0,55000.0,17500.0,14833.0,17714.0,15750.0,13357.0
2024-04-04,41286.0,55000.0,17500.0,14833.0,17714.0,15750.0,13286.0
2024-04-05,43167.0,55833.0,17833.0,14900.0,18000.0,15700.0,13333.0
2024-04-06,41714.0,57857.0,17500.0,14833.0,17571.0,15667.0,13357.0
2024-04-07,42286.0,67143.0,17500.0,14833.0,17429.0,15833.0,13286.0
2024-04-08,42857.0,65000.0,17500.0,14833.0,17429.0,15833.0,13286.0
2024-04-09,43143.0,70000.0,17643.0,14833.0,17714.0,15667.0,13357.0
2024-04-10,42762.0,68095.33333333333,17595.333333333332,14833.0,17714.0,15667.0,13333.333333333334
2024-04-11,42381.0,66190.66666666667,17547.666666666668,14833.0,17714.0,15667.0,13309.666666666666
2024-04-12,42000.0,64286.0,17500.0,14833.0,17714.0,15667.0,13286.0
2024-04-13,43167.0,64167.0,17667.0,14900.0,18083.0,15700.0,13417.0
2024-04-14,40857.0,61429.0,17500.0,14833.0,17714.0,15750.0,13357.0
2024-04-15,41000.0,56429.0,17500.0,14833.0,17714.0,15750.0,13357.0
2024-04-16,40000.0,57143.0,17500.0,14833.0,17786.0,15750.0,13429.0
2024-04-17,39429.0,54286.0,17357.0,14667.0,17714.0,15750.0,13214.0
2024-04-18,39143.0,52857.0,17143.0,14500.0,17714.0,15750.0,13214.0
2024-04-19,38333.0,46667.0,17167.0,14583.0,17333.0,15750.0,13083.0
2024-04-20,39286.0,46429.0,17286.0,14583.0,17786.0,15750.0,13214.0
2024-04-21,37833.0,45833.0,17000.0,14417.0,17333.0,15750.0,13083.0
2024-04-22,39000.0,52143.0,17286.0,14583.0,17429.0,15750.0,13286.0
2024-04-23,38429.0,47143.0,17000.0,14250.0,17429.0,15833.0,13214.0
2024-04-24,38667.0,48333.0,17167.0,14100.0,17500.0,15500.0,13417.0
2024-04-25,38714.0,48286.0,16714.0,14250.0,17429.0,15750.0,13214.0
2024-04-26,38429.0,54000.0,16714.0,14250.0,17429.0,15750.0,13143.0
2024-04-27,37500.0,53333.0,16500.0,14167.0,17333.0,15667.0,13000.0
2024-04-28,38000.0,51429.0,16714.0,14167.0,17500.0,15833.0,13214.0
2024-04-29,38571.0,53714.0,16714.0,14167.0,17500.0,15833.0,13214.0
2024-04-30,39000.0,55714.0,16571.0,14000.0,17500.0,15833.0,13214.0
2024-05-01,40667.0,60000.0,16833.0,14200.0,17750.0,15800.0,13250.0
2024-05-02,39286.0,57143.0,16571.0,14167.0,17429.0,15750.0,13143.0
2024-05-03,38000.0,58333.0,16500.0,14333.0,17417.0,15833.0,13000.0
2024-05-04,38000.0,56333.0,16500.0,14167.0,17417.0,15833.0,12833.0
2024-05-05,38714.0,57857.0,16714.0,14167.0,17500.0,15833.0,13214.0
2024-05-06,38429.0,56429.0,16714.0,14167.0,17500.0,15833.0,13143.0
2024-05-07,38714.0,53571.0,16643.0,14167.0,17786.0,15833.0,13000.0
2024-05-08,38714.0,54286.0,16643.0,14167.0,17500.0,15833.0,13071.0
2024-05-09,40500.0,52500.0,16917.0,14400.0,17750.0,15800.0,13083.0
2024-05-10,38714.0,52857.0,16500.0,14000.0,17643.0,16000.0,13071.0
2024-05-11,40500.0,50000.0,16750.0,14200.0,17750.0,15800.0,13083.0
2024-05-12,38571.0,53571.0,16500.0,14000.0,17643.0,16000.0,13071.0
2024-05-13,38714.0,52143.0,16571.0,14833.0,17571.0,15833.0,13000.0
2024-05-14,38714.0,49286.0,16571.0,14167.0,17643.0,16000.0,13000.0
2024-05-15,38571.0,47857.0,16571.0,14167.0,17643.0,16000.0,13000.0
2024-05-16,38571.0,49286.0,16571.0,14167.0,17643.0,16000.0,13000.0
2024-05-17,38714.0,50000.0,16571.0,14167.0,17643.0,15833.0,12929.0
2024-05-18,38714.0,49286.0,16571.0,14167.0,17643.0,16000.0,13000.0
2024-05-19,38571.0,52143.0,16571.0,14167.0,17786.0,16167.0,13000.0
2024-05-20,38714.0,50000.0,16571.0,14167.0,17714.0,16000.0,13000.0
2024-05-21,37000.0,50714.0,16214.0,13667.0,17714.0,16083.0,13071.0
2024-05-22,38000.0,51429.0,16143.0,13833.0,17786.0,16083.0,13071.0
2024-05-23,38000.0,53333.0,16250.0,13800.0,17667.0,15600.0,13250.0
2024-05-24,38286.0,46429.0,15900.0,13833.0,17714.0,15917.0,13071.0
2024-05-25,39333.0,47167.0,15633.0,13800.0,17833.0,15600.0,13083.0
2024-05-26,39500.0,47167.0,15967.0,13800.0,17917.0,15800.0,13083.0
2024-05-27,39000.0,44714.0,15829.0,13833.0,17714.0,15917.0,13071.0
2024-05-28,38571.0,48571.0,15971.0,13833.0,17714.0,15917.0,13071.0
2024-05-29,38286.0,48571.0,15829.0,13917.0,17786.0,15917.0,13071.0
2024-05-30,38286.0,50000.0,15829.0,13917.0,17786.0,15917.0,13071.0
2024-05-31,38143.0,50000.0,15971.0,13917.0,17786.0,16000.0,13071.0
2024-06-01,39400.0,49000.0,15800.0,13900.0,17900.0,15700.0,12800.0
2024-06-02,40000.0,50000.0,15967.0,13900.0,17917.0,15800.0,13083.0
2024-06-03,38143.0,48571.0,15971.0,13917.0,17786.0,16000.0,13071.0
2024-06-04,38000.0,51429.0,15757.0,13750.0,17786.0,16000.0,13071.0
2024-06-05,38000.0,52857.0,15900.0,13917.0,17857.0,16083.0,13071.0
2024-06-06,37571.0,52143.0,15686.0,13917.0,17857.0,16083.0,13214.0
2024-06-07,37857.0,49286.0,15686.0,13817.0,17857.0,16083.0,13071.0
2024-06-08,37857.0,51429.0,15800.0,13900.0,17857.0,16083.0,13071.0
2024-06-09,37571.0,50000.0,15757.0,13900.0,17814.0,16083.0,13071.0
2024-06-10,37571.0,51429.0,15686.0,13817.0,17857.0,16083.0,13000.0
2024-06-11,37857.0,57429.0,15686.0,13817.0,17857.0,16083.0,13071.0
2024-06-12,37857.0,58571.0,15829.0,13917.0,17857.0,16083.0,13071.0
2024-06-13,38000.0,57143.0,15657.0,13917.0,17857.0,16083.0,13000.0
2024-06-14,38000.0,57857.0,15657.0,13917.0,17857.0,16583.0,13071.0
2024-06-15,40000.0,63333.0,15600.0,13900.0,18000.0,15900.0,13167.0
2024-06-16,39286.0,65714.0,15829.0,13917.0,17786.0,16083.0,13143.0
2024-06-17,39000.0,80000.0,16000.0,15000.0,17000.0,16000.0,14000.0
2024-06-18,39000.0,80000.0,16000.0,15000.0,17000.0,16000.0,14000.0
2024-06-19,38286.0,68571.0,15686.0,13667.0,17857.0,16083.0,13000.0
2024-06-20,37000.0,62143.0,15614.0,13667.0,17857.0,16083.0,13000.0
2024-06-21,39333.0,64167.0,15633.0,13600.0,17917.0,15900.0,13083.0
2024-06-22,37714.0,58571.0,15686.0,13667.0,17786.0,16083.0,13071.0
2024-06-23,38000.0,58571.0,15686.0,13667.0,17786.0,16083.0,13000.0
2024-06-24,37429.0,52857.0,15686.0,13667.0,17857.0,16083.0,12929.0
2024-06-25,37571.0,47143.0,15900.0,14000.0,17786.0,16083.0,12714.0
2024-06-26,37571.0,49286.0,15900.0,14000.0,17786.0,16167.0,12929.0
2024-06-27,37714.0,47143.0,15757.0,13667.0,17857.0,16167.0,13000.0
2024-06-28,37000.0,49167.0,16050.0,14000.0,17750.0,16500.0,13000.0
2024-06-29,37429.0,47143.0,15757.0,13667.0,17786.0,16333.0,13000.0
2024-06-30,37500.0,47500.0,15383.0,13400.0,17667.0,16300.0,13000.0
2024-07-01,37429.0,42857.0,15757.0,13750.0,17786.0,16250.0,13000.0
2024-07-02,37429.0,44286.0,15757.0,13667.0,17429.0,16250.0,13000.0
2024-07-03,37714.0,47143.0,15757.0,13667.0,17786.0,16333.0,13000.0
2024-07-04,37714.0,47857.0,15757.0,13667.0,17786.0,16500.0,12929.0
2024-07-05,37857.0,47857.0,15757.0,13667.0,17786.0,16500.0,13000.0
2024-07-06,37429.0,47857.0,15757.0,13750.0,17786.0,16500.0,13000.0
2024-07-07,35500.0,46250.0,15125.0,13375.0,17750.0,16625.0,12500.0
2024-07-08,37286.0,48571.0,15900.0,13917.0,17857.0,16417.0,12929.0
2024-07-09,36400.0,45000.0,15700.0,13700.0,17900.0,16600.0,12600.0
2024-07-10,37571.0,44286.0,15900.0,13833.0,17857.0,16500.0,12929.0
2024-07-11,36000.0,45714.0,15757.0,13750.0,17786.0,16500.0,13000.0
2024-07-12,37429.0,45714.0,15757.0,13750.0,17857.0,16500.0,12929.0
2024-07-13,39250.0,46250.0,15575.0,13833.0,18000.0,16667.0,12875.0
2024-07-14,39333.0,47500.0,15717.0,13640.0,18250.0,16400.0,12500.0
2024-07-15,40000.0,43000.0,16625.0,14167.0,18375.0,16667.0,12667.0
2024-07-16,38000.0,51429.0,16000.0,13750.0,18143.0,16667.0,12929.0
2024-07-17,37000.0,55000.0,16125.0,13833.0,18000.0,16833.0,12750.0
2024-07-18,38000.0,52857.0,16000.0,13750.0,18071.0,16667.0,13000.0
2024-07-19,38000.0,54286.0,15929.0,13750.0,18000.0,16667.0,13000.0
2024-07-20,39250.0,57500.0,15875.0,13667.0,18250.0,16833.0,12750.0
2024-07-21,37857.0,52857.0,15786.0,13583.0,18071.0,16667.0,12857.0
2024-07-22,38000.0,51429.0,15643.0,13467.0,18071.0,16667.0,12929.0
2024-07-23,38000.0,50000.0,15929.0,13800.0,18000.0,15750.0,12929.0
2024-07-24,36500.0,48333.0,15583.0,13800.0,17917.0,16667.0,12750.0
2024-07-25,37571.0,51429.0,15929.0,13800.0,18071.0,16667.0,12929.0
2024-07-26,37429.0,49286.0,15929.0,13800.0,18071.0,16667.0,12929.0
2024-07-27,37714.0,51429.0,15929.0,13717.0,18071.0,16667.0,12857.0
2024-07-28,37714.0,51429.0,15929.0,13717.0,18071.0,16667.0,13000.0
2024-07-29,38000.0,46429.0,15929.0,13717.0,18071.0,16583.0,12929.0
2024-07-30,36667.0,51667.0,15583.0,13717.0,17917.0,16667.0,12833.0
2024-07-31,37857.0,49286.0,15929.0,13800.0,18071.0,16667.0,12929.0
2024-08-01,38000.0,48571.0,15929.0,13717.0,18071.0,16667.0,12929.0
2024-08-02,36400.0,49000.0,15700.0,13760.0,17900.0,16400.0,12900.0
2024-08-03,39667.0,47500.0,15917.0,13760.0,18250.0,16400.0,12833.0
2024-08-04,39250.0,49167.0,15917.0,13760.0,18250.0,16500.0,12833.0
2024-08-05,36333.0,50833.0,15750.0,13967.0,17917.0,16417.0,12667.0
2024-08-06,37286.0,50000.0,15929.0,13717.0,17929.0,16417.0,12857.0
2024-08-07,34833.0,50000.0,15583.0,13717.0,18083.0,16500.0,12667.0
2024-08-08,37500.0,51667.0,15883.0,14060.0,18083.0,16800.0,12917.0
2024-08-09,38000.0,51429.0,15614.0,13717.0,18071.0,16667.0,12929.0
2024-08-10,37667.0,50833.0,16050.0,14160.0,18083.0,16800.0,12833.0
2024-08-11,39583.0,48333.0,15717.0,13825.0,18083.0,16600.0,12833.0
2024-08-12,37429.0,51429.0,15757.0,13883.0,17929.0,16583.0,12857.0
2024-08-13,37714.0,49286.0,15829.0,13800.0,17929.0,16583.0,12857.0
2024-08-14,37429.0,47857.0,15829.0,13800.0,18214.0,16667.0,12857.0
2024-08-15,37643.0,45714.0,15829.0,13883.0,17929.0,16500.0,12857.0
2024-08-16,37786.0,45000.0,15829.0,13883.0,17929.0,16583.0,12857.0
2024-08-17,39000.0,44167.0,15800.0,13760.0,18083.0,16500.0,12917.0
2024-08-18,38500.0,43750.0,15750.0,13825.0,18125.0,16500.0,12500.0
2024-08-19,37143.0,45000.0,15829.0,13800.0,17929.0,16667.0,12929.0
2024-08-20,37000.0,47143.0,15829.0,13800.0,18071.0,15750.0,12857.0
2024-08-21,37429.0,45714.0,15829.0,13967.0,18071.0,16583.0,12857.0
2024-08-22,40000.0,46250.0,15325.0,13267.0,18000.0,16500.0,12750.0
2024-08-23,37083.0,45833.0,15883.0,13800.0,18083.0,16900.0,13167.0
2024-08-24,37143.0,45000.0,15829.0,13800.0,17929.0,16667.0,12857.0
2024-08-25,38000.0,41000.0,15600.0,13760.0,18100.0,16600.0,12600.0
2024-08-26,35667.0,42500.0,15667.0,13800.0,17917.0,16667.0,12583.0
2024-08-27,36857.0,43571.0,15829.0,13800.0,18071.0,16667.0,12857.0
2024-08-28,36857.0,42429.0,15829.0,13717.0,17929.0,16667.0,12857.0
2024-08-29,36857.0,40714.0,15757.0,13717.0,17929.0,16667.0,12857.0
2024-08-30,35667.0,39167.0,15833.0,13800.0,17917.0,16667.0,12667.0
2024-08-31,36833.0,41667.0,15967.0,13860.0,17917.0,16700.0,12833.0
2024-09-01,36714.0,40714.0,15829.0,13883.0,18000.0,16750.0,12857.0
2024-09-02,36857.0,42143.0,15829.0,13800.0,17786.0,16583.0,12857.0
2024-09-03,36857.0,40000.0,15829.0,13800.0,17643.0,16750.0,12857.0
2024-09-04,36200.0,40000.0,15660.0,13950.0,17700.0,16750.0,12800.0
2024-09-05,36571.0,39286.0,15829.0,13800.0,17929.0,16750.0,12786.0
2024-09-06,36500.0,40000.0,15829.0,13883.0,17929.0,16750.0,12857.0
2024-09-07,36357.0,38571.0,15829.0,13883.0,17929.0,16750.0,12857.0
2024-09-08,37143.0,39000.0,15686.0,13717.0,18000.0,15833.0,12857.0
2024-09-09,36429.0,36429.0,15686.0,13633.0,18000.0,16833.0,12857.0
2024-09-10,36429.0,38429.0,15686.0,13717.0,18214.0,16833.0,12857.0
2024-09-11,36286.0,39286.0,15829.0,13800.0,18071.0,16833.0,12857.0
2024-09-12,36286.0,39286.0,15757.0,13717.0,18000.0,16750.0,12857.0
2024-09-13,36286.0,38571.0,15757.0,13717.0,18071.0,16833.0,12857.0
2024-09-14,36286.0,36857.0,15686.0,13633.0,18000.0,16833.0,13000.0
2024-09-15,36286.0,37857.0,15757.0,13717.0,18071.0,16917.0,12857.0
2024-09-16,36571.0,37143.0,15757.0,13717.0,18214.0,16833.0,12857.0
2024-09-17,36571.0,36429.0,15757.0,13717.0,18071.0,16917.0,12929.0
2024-09-18,36714.0,35714.0,15757.0,13717.0,18071.0,16833.0,12929.0
2024-09-19,36714.0,35714.0,15757.0,13717.0,18214.0,16833.0,12929.0
2024-09-20,36714.0,36429.0,15757.0,13883.0,18000.0,16750.0,12571.0
2024-09-21,34200.0,35000.0,15500.0,13460.0,18200.0,16600.0,12900.0
2024-09-22,35167.0,35833.0,15417.0,13633.0,18083.0,16833.0,12750.0
2024-09-23,36714.0,37143.0,15614.0,13550.0,18071.0,16833.0,12857.0
2024-09-24,36857.0,37143.0,15614.0,13550.0,18214.0,15833.0,12857.0
2024-09-25,34000.0,36667.0,15500.0,13933.0,18000.0,17167.0,11667.0
2024-09-26,35167.0,36667.0,15583.0,13633.0,18167.0,16833.0,12667.0
2024-09-27,35667.0,37500.0,16050.0,13960.0,18083.0,17000.0,12833.0
2024-09-28,35167.0,34167.0,15583.0,13717.0,18083.0,16833.0,12667.0
2024-09-29,35167.0,34167.0,15583.0,13717.0,18083.0,16833.0,12667.0
2024-09-30,36571.0,34714.0,15614.0,13467.0,18286.0,16833.0,12857.0
2024-10-01,36286.0,34000.0,15614.0,13550.0,18071.0,16833.0,12929.0
2024-10-02,36714.0,33286.0,15614.0,13550.0,18071.0,16833.0,12929.0
2024-10-03,35857.0,32857.0,15614.0,13550.0,18071.0,16833.0,12929.0
2024-10-04,35857.0,33286.0,15614.0,13467.0,18071.0,16833.0,12929.0
2024-10-05,36286.0,32429.0,15686.0,13633.0,18071.0,16833.0,13000.0
2024-10-06,36286.0,32143.0,15614.0,13550.0,18071.0,16833.0,13000.0
2024-10-07,35167.0,32500.0,15417.0,13550.0,18167.0,16833.0,12750.0
2024-10-08,36143.0,33571.0,15614.0,13550.0,18000.0,16833.0,12929.0
2024-10-09,36429.0,31143.0,15614.0,13550.0,17929.0,16750.0,12786.0
2024-10-10,36286.0,32143.0,15686.0,13583.0,18286.0,16917.0,13143.0
2024-10-11,37000.0,32000.0,15400.0,13500.0,18400.0,16600.0,13100.0
2024-10-12,37167.0,30000.0,15600.0,13600.0,18417.0,17000.0,13083.0
2024-10-13,36714.0,32143.0,15371.0,13333.0,18357.0,16917.0,13143.0
2024-10-14,36714.0,32857.0,15371.0,13417.0,18357.0,16917.0,13143.0
2024-10-15,36167.0,30833.0,15600.0,13700.0,18417.0,17100.0,13167.0
2024-10-16,36400.0,29000.0,15520.0,13250.0,18500.0,16750.0,13300.0
2024-10-17,36571.0,31429.0,15371.0,13417.0,18357.0,16917.0,13143.0
2024-10-18,37000.0,30429.0,15371.0,13417.0,18500.0,17000.0,13143.0
2024-10-19,37000.0,32571.0,15229.0,13250.0,18357.0,16917.0,13214.0
2024-10-20,37286.0,33286.0,15371.0,13417.0,18357.0,17000.0,13214.0
2024-10-21,37286.0,33286.0,15229.0,13250.0,18357.0,16917.0,13214.0
2024-10-22,37000.0,33333.0,15083.0,13167.0,18500.0,17000.0,13083.0
2024-10-23,38429.0,34000.0,15143.0,13250.0,18429.0,16917.0,13214.0
2024-10-24,38571.0,34714.0,15143.0,13333.0,18429.0,17000.0,13143.0
2024-10-25,38286.0,34286.0,15214.0,13333.0,18286.0,17167.0,13071.0
2024-10-26,38571.0,33571.0,15143.0,13333.0,18214.0,17167.0,13071.0
2024-10-27,38667.0,32500.0,15167.0,13200.0,18250.0,17200.0,13083.0
2024-10-28,37500.0,31667.0,15067.0,13250.0,18417.0,17167.0,12917.0
2024-10-29,38429.0,33571.0,15143.0,13333.0,18214.0,17167.0,13071.0
2024-10-30,38571.0,31143.0,15143.0,13333.0,18214.0,17083.0,13143.0
2024-10-31,38000.0,32857.0,15143.0,13333.0,18286.0,16917.0,13214.0
2024-11-01,38000.0,32143.0,15143.0,13333.0,18286.0,17083.0,13143.0
2024-11-02,37857.0,32857.0,15143.0,13333.0,18214.0,17083.0,13143.0
2024-11-03,35600.0,31000.0,15280.0,13600.0,18500.0,17100.0,12900.0
2024-11-04,37143.0,33143.0,15143.0,13250.0,18357.0,17167.0,13143.0
2024-11-05,38143.0,33571.0,15143.0,13250.0,18214.0,17083.0,13143.0
2024-11-06,37333.0,29667.0,15067.0,13250.0,18417.0,17167.0,12667.0
2024-11-07,37714.0,30714.0,15143.0,13333.0,18286.0,17167.0,13143.0
2024-11-08,37714.0,32143.0,15143.0,13333.0,18286.0,17167.0,13143.0
2024-11-09,38000.0,32429.0,15143.0,13250.0,18286.0,17083.0,13143.0
2024-11-10,36333.0,30000.0,15067.0,13267.0,18417.0,17167.0,12917.0
2024-11-11,37857.0,32857.0,15143.0,13250.0,18357.0,17083.0,13071.0
2024-11-12,37857.0,32143.0,15314.0,13333.0,18357.0,17167.0,13071.0
2024-11-13,38333.0,32500.0,15367.0,13200.0,18417.0,17200.0,13000.0
2024-11-14,37857.0,32571.0,15457.0,13333.0,18357.0,17167.0,13071.0
2024-11-15,38000.0,32143.0,15457.0,13333.0,18357.0,17167.0,13143.0
2024-11-16,37857.0,30714.0,15457.0,13333.0,18286.0,17167.0,12714.0
2024-11-17,37857.0,31429.0,15314.0,13500.0,18214.0,17083.0,12714.0
2024-11-18,38000.0,31429.0,15314.0,13500.0,18214.0,17167.0,12643.0
2024-11-19,38000.0,31143.0,15314.0,13167.0,18214.0,17167.0,13143.0
2024-11-20,38167.0,32167.0,15200.0,13000.0,18250.0,16800.0,13000.0
2024-11-21,37857.0,31143.0,15143.0,13167.0,18214.0,17167.0,13071.0
2024-11-22,37857.0,31857.0,15143.0,13250.0,18286.0,17167.0,13071.0
2024-11-23,37714.0,31714.0,15000.0,13000.0,18214.0,17167.0,13071.0
2024-11-24,40250.0,32000.0,15200.0,13250.0,18500.0,16750.0,13100.0
2024-11-25,37857.0,31857.0,15000.0,13000.0,18214.0,17000.0,13071.0
2024-11-26,37714.0,32857.0,15000.0,13000.0,19214.0,17333.0,13143.0
2024-11-27,37714.0,32143.0,15000.0,13083.0,19071.0,17333.0,13143.0
2024-11-28,37571.0,32857.0,15143.0,13167.0,19071.0,17333.0,13214.0
2024-11-29,37714.0,33571.0,15000.0,13083.0,19214.0,17750.0,13071.0
2024-11-30,37714.0,32143.0,15000.0,13083.0,19214.0,17333.0,13143.0
2024-12-01,38000.0,32857.0,15000.0,13000.0,19214.0,17333.0,13143.0
2024-12-02,37714.0,32857.0,15000.0,13000.0,18929.0,17333.0,13214.0
2024-12-03,37857.0,32143.0,15000.0,13083.0,18500.0,17250.0,13143.0
2024-12-04,38286.0,33571.0,15000.0,13000.0,18500.0,16917.0,13071.0
2024-12-05,38429.0,35000.0,15143.0,13167.0,18643.0,17167.0,13071.0
2024-12-06,38833.0,35833.0,14833.0,12800.0,18417.0,17200.0,13083.0
2024-12-07,38429.0,37143.0,14857.0,13000.0,18643.0,17000.0,13071.0
2024-12-08,38833.0,38333.0,14833.0,12800.0,18417.0,17000.0,13167.0
2024-12-09,38571.0,35000.0,15000.0,13000.0,18643.0,16917.0,13143.0
2024-12-10,38571.0,35714.0,14857.0,12917.0,19071.0,17333.0,13071.0
2024-12-11,38571.0,37857.0,15071.0,13083.0,19071.0,17083.0,13071.0
2024-12-12,38571.0,44000.0,15000.0,13083.0,19071.0,17083.0,13143.0
2024-12-13,38167.0,47500.0,15167.0,13300.0,19250.0,17300.0,13167.0
2024-12-14,38571.0,45286.0,15143.0,13250.0,19071.0,17417.0,13143.0
2024-12-15,38571.0,45714.0,15143.0,13250.0,19071.0,17417.0,13071.0
2024-12-16,38000.0,47143.0,15143.0,13250.0,19143.0,17583.0,13071.0
2024-12-17,38000.0,45714.0,15143.0,13250.0,19071.0,17583.0,13143.0
2024-12-18,38143.0,46429.0,15143.0,13250.0,19071.0,17583.0,13143.0
2024-12-19,37857.0,47143.0,15143.0,13250.0,19071.0,17417.0,13143.0
2024-12-20,37400.0,50000.0,15080.0,13200.0,19500.0,17300.0,12500.0
2024-12-21,38143.0,47857.0,15143.0,13250.0,18929.0,17417.0,13286.0
2024-12-22,38143.0,50714.0,15143.0,13250.0,19071.0,17250.0,13286.0
2024-12-23,38286.0,51429.0,15143.0,13250.0,19214.0,17250.0,13286.0
2024-12-24,38628.8,52143.2,15114.4,13400.0,19371.2,17400.0,12628.8
2024-12-25,38971.6,52857.4,15085.8,13550.0,19528.4,17550.0,11971.6
2024-12-26,39314.4,53571.6,15057.2,13700.0,19685.6,17700.0,11314.4
2024-12-27,39657.2,54285.8,15028.6,13850.0,19842.8,17850.0,10657.2
2024-12-28,40000.0,55000.0,15000.0,14000.0,20000.0,18000.0,10000.0
2024-12-29,40000.0,55000.0,15000.0,14000.0,20000.0,18000.0,12000.0
2024-12-30,40000.0,55000.0,15000.0,14000.0,20000.0,18000.0,12000.0
2024-12-31,40000.0,55000.0,15000.0,14000.0,20000.0,18000.0,12000.0
2025-01-01,39500.0,60833.5,14875.0,13633.5,19333.5,16875.0,12666.5
2025-01-02,39000.0,66667.0,14750.0,13267.0,18667.0,15750.0,13333.0
2025-01-03,36250.0,71667.0,15207.0,13353.0,20182.0,16111.0,12722.0
2025-01-04,38227.0,68846.0,15000.0,13592.0,20273.0,17650.0,12591.0
2025-01-05,38227.0,68750.0,15000.0,13731.0,20455.0,17650.0,12500.0
2025-01-06,37154.0,69063.0,15493.0,13800.0,20167.0,17444.0,12208.0
2025-01-07,38464.0,69286.0,14936.0,13038.0,19923.0,17042.0,12154.0
2025-01-08,38300.0,70000.0,15259.0,13094.0,19938.0,17367.0,12219.0
2025-01-09,38167.0,70200.0,15356.0,13088.0,20125.0,17433.0,12719.0
2025-01-10,37844.0,69333.0,15406.0,13375.0,19882.0,17469.0,12176.0
2025-01-11,37844.0,69000.0,15383.0,13324.0,19941.0,17469.0,12176.0
2025-01-12,37344.0,68200.0,15411.0,13235.0,19882.0,17469.0,12176.0
2025-01-13,37071.0,70867.0,15411.0,13206.0,19765.0,17625.0,12206.0
2025-01-14,38083.0,73692.0,15421.0,12885.0,19858.0,17423.0,12250.0
2025-01-15,37833.0,79294.0,15244.0,13147.0,20176.0,17906.0,12088.0
2025-01-16,38594.0,78706.0,15217.0,13103.0,20176.0,17938.0,12206.0
2025-01-17,37833.0,76824.0,15261.0,13015.0,19941.0,17781.0,12000.0
2025-01-18,38464.0,74563.0,15229.0,12984.0,19941.0,17781.0,12206.0
2025-01-19,37833.0,75471.0,15261.0,13132.0,20059.0,18031.0,12206.0
2025-01-20,38594.0,74706.0,15244.0,12985.0,20176.0,18133.0,12147.0
2025-01-21,37167.0,67471.0,15106.0,12779.0,19971.0,18334.0,12148.0
2025-01-22,38625.0,67647.0,15217.0,13000.0,20029.0,18367.0,12029.0
2025-01-23,38188.0,67941.0,15300.0,13088.0,20094.0,18071.0,12156.0
2025-01-24,38125.0,66765.0,15300.0,13147.0,19971.0,18200.0,12147.0
2025-01-25,38750.0,67500.0,15318.0,13063.0,20031.0,18286.0,12031.0
2025-01-26,38824.0,68824.0,15318.0,13031.0,20156.0,18393.0,12156.0
2025-01-27,38724.5,68971.0,15315.0,13031.0,20151.5,18346.5,12151.5
2025-01-28,38625.0,69118.0,15312.0,13031.0,20147.0,18300.0,12147.0
2025-01-29,38938.0,67353.0,15318.0,13031.0,20029.0,18367.0,12147.0
2025-01-30,38625.0,67353.0,15300.0,12971.0,19971.0,18300.0,12147.0
2025-01-31,38706.0,69706.0,15300.0,13088.0,20147.0,18300.0,12147.0
2025-02-01,38615.0,70357.0,15193.0,12964.0,20250.0,18346.0,12179.0
2025-02-02,38625.0,69412.0,15300.0,13000.0,20029.0,18333.0,12147.0
2025-02-03,38625.0,69722.0,15328.0,12971.0,20029.0,18400.0,12147.0
2025-02-04,37500.0,70882.0,15411.0,13176.0,20029.0,18533.0,12206.0
2025-02-05,37765.0,69412.0,15411.0,13088.0,20147.0,18233.0,12147.0
2025-02-06,38000.0,69706.0,15411.0,13147.0,20265.0,18233.0,12147.0
2025-02-07,37357.0,68125.0,15411.0,13118.0,20206.0,18333.0,12147.0
2025-02-08,38200.0,65882.0,15411.0,13147.0,20324.0,18367.0,12147.0
2025-02-09,38231.0,60714.0,15493.0,13000.0,20115.0,18273.0,12192.0
2025-02-10,38125.0,61176.0,15442.0,13250.0,20250.0,18469.0,12139.0
2025-02-11,37938.0,55882.0,15442.0,13167.0,20306.0,18719.0,12194.0
2025-02-12,38750.0,55000.0,15416.0,13167.0,20167.0,18469.0,12167.0
2025-02-13,37813.0,54941.0,15416.0,13111.0,20250.0,18531.0,12194.0
2025-02-14,38688.0,54706.0,15406.0,13188.0,20194.0,18531.0,12194.0
2025-02-15,37533.0,50938.0,15361.0,13083.0,20324.0,18563.0,12088.0
2025-02-16,38200.0,53235.0,15439.0,13088.0,20206.0,18333.0,12147.0
2025-02-17,38273.0,55000.0,15493.0,13036.0,20167.0,18231.0,12233.0
2025-02-18,37267.0,53529.0,15416.0,13167.0,20306.0,18781.0,12194.0
2025-02-19,37533.0,56471.0,15416.0,13139.0,20278.0,18688.0,12156.0
2025-02-20,37071.0,56471.0,15416.0,13194.0,20222.0,18594.0,12167.0
2025-02-21,38133.0,56389.0,15468.0,13111.0,20167.0,18719.0,12139.0
2025-02-22,38533.0,56765.0,15521.0,13083.0,20222.0,18656.0,12167.0
2025-02-23,37188.0,57353.0,15416.0,13083.0,20389.0,18719.0,12139.0
2025-02-24,37533.0,57059.0,15416.0,13139.0,20111.0,18781.0,12139.0
2025-02-25,38188.0,64294.0,15494.0,13182.0,20222.0,18781.0,12139.0
2025-02-26,37571.0,62222.0,15495.0,13263.0,20158.0,18912.0,12026.0
2025-02-27,39071.0,66765.0,15522.0,13265.0,20361.0,18794.0,12000.0
2025-02-28,39333.0,66875.0,15521.0,13083.0,20417.0,18750.0,12000.0
2025-03-01,39133.0,65000.0,15521.0,13194.0,20139.0,18813.0,12167.0
2025-03-02,38400.0,65588.0,15574.0,13167.0,20278.0,18781.0,12139.0
2025-03-03,38867.0,74118.0,15578.0,13294.0,20389.0,18750.0,12139.0
2025-03-04,38467.0,75588.0,15574.0,13111.0,20472.0,18719.0,12194.0
2025-03-05,38400.0,72059.0,15574.0,13278.0,20528.0,18719.0,12139.0
2025-03-06,38733.0,70000.0,15574.0,13278.0,20528.0,18719.0,12167.0
2025-03-07,37333.0,67941.0,15574.0,13500.0,20556.0,18563.0,12167.0
2025-03-08,37600.0,63846.0,15574.0,13278.0,20472.0,18688.0,12222.0
2025-03-09,38733.0,64412.0,15574.0,13278.0,20667.0,18063.0,12222.0
2025-03-10,38857.0,63333.0,15705.0,13333.0,20737.0,18824.0,12237.0
2025-03-11,39438.0,54706.0,15525.0,13340.0,20722.0,18688.0,12278.0
2025-03-12,39313.0,50882.0,15360.0,13214.0,20472.0,18750.0,12306.0
2025-03-13,38400.0,49706.0,15525.0,13333.0,20639.0,18625.0,12111.0
2025-03-14,39313.0,50294.0,15494.0,13353.0,20711.0,18706.0,12289.0
2025-03-15,39375.0,49118.0,15524.0,13313.0,20472.0,18750.0,12278.0
2025-03-16,39375.0,49412.0,15524.0,13313.0,20694.0,18625.0,12278.0
2025-03-17,38500.0,50938.0,15553.0,13313.0,20694.0,18688.0,12278.0
2025-03-18,39000.0,50588.0,15465.0,13294.0,20694.0,18844.0,12278.0
2025-03-19,38733.0,50294.0,15406.0,13044.0,20694.0,18813.0,12611.0
2025-03-20,39375.0,52059.0,15406.0,12981.0,20694.0,18750.0,12444.0
2025-03-21,38733.0,49706.0,15406.0,12981.0,20639.0,18750.0,12500.0
2025-03-22,39375.0,53824.0,15406.0,12981.0,20694.0,18813.0,12500.0
2025-03-23,39375.0,57647.0,15406.0,12981.0,20639.0,18875.0,12500.0
2025-03-24,39733.0,58235.0,15400.0,13047.0,20694.0,18875.0,12333.0
2025-03-25,37688.0,61563.0,15493.0,12977.0,20694.0,18813.0,12444.0
2025-03-26,39333.0,62353.0,15431.0,13013.0,20694.0,18813.0,12389.0
2025-03-27,39688.0,65882.0,15406.0,12981.0,20806.0,18875.0,12444.0
2025-03-28,39250.0,66765.0,15406.0,12981.0,21028.0,19000.0,12611.0
2025-03-29,38930.5,67304.16666666667,15389.333333333334,12975.333333333334,20957.833333333332,18993.0,12610.333333333334
2025-03-30,38611.0,67843.33333333333,15372.666666666666,12969.666666666666,20887.666666666668,18986.0,12609.666666666666
2025-03-31,38291.5,68382.5,15356.0,12964.0,20817.5,18979.0,12609.0
2025-04-01,37972.0,68921.66666666667,15339.333333333334,12958.333333333334,20747.333333333332,18972.0,12608.333333333334
2025-04-02,37652.5,69460.83333333333,15322.666666666666,12952.666666666666,20677.166666666668,18965.0,12607.666666666666
2025-04-03,37333.0,70000.0,15306.0,12947.0,20607.0,18958.0,12607.0
2025-04-04,37800.0,67813.0,15369.0,12967.0,20735.0,18536.0,12441.0
2025-04-05,37357.0,63529.0,15347.0,12969.0,20794.0,18833.0,12500.0
2025-04-06,37000.0,66538.0,15314.0,12962.0,20536.0,18864.0,12536.0
2025-04-07,38688.0,69063.0,15369.0,12967.0,20676.0,18821.0,12441.0
2025-04-08,37750.0,68750.0,15369.0,12980.0,20676.0,18750.0,12441.0
2025-04-09,37867.0,69667.0,15360.0,12943.0,20781.0,18708.0,12344.0
2025-04-10,38063.0,67647.0,15400.0,12980.0,20618.0,18654.0,12382.0
2025-04-11,38063.0,67059.0,15406.0,12987.0,20583.0,18893.0,12361.0
2025-04-12,37750.0,67941.0,15406.0,12981.0,20639.0,18750.0,12306.0
2025-04-13,37533.0,67500.0,15360.0,12943.0,20781.0,18625.0,12156.0
2025-04-14,37375.0,68529.0,15456.0,12947.0,20676.0,18654.0,12265.0
2025-04-15,37813.0,68235.0,15400.0,12913.0,20676.0,18654.0,12206.0
2025-04-16,37813.0,67941.0,15400.0,12947.0,20735.0,18808.0,12206.0
2025-04-17,37750.0,70313.0,15400.0,13080.0,20735.0,18885.0,12206.0
2025-04-18,37438.0,67353.0,15400.0,12947.0,20735.0,18731.0,12206.0
2025-04-19,37438.0,66176.0,15400.0,12947.0,20735.0,18577.0,12206.0
2025-04-20,37813.0,65882.0,15400.0,12947.0,20735.0,18654.0,12206.0
2025-04-21,38000.0,65882.0,15400.0,12947.0,20736.0,18885.0,12206.0
2025-04-22,36875.0,65357.0,15400.0,12947.0,20735.0,18654.0,12206.0
2025-04-23,36813.0,67941.0,15400.0,12947.0,20794.0,18577.0,12206.0
2025-04-24,36813.0,66765.0,15427.0,12943.0,20794.0,18654.0,12088.0
2025-04-25,37000.0,64412.0,15400.0,12947.0,20735.0,18577.0,12088.0
2025-04-26,37000.0,63235.0,15400.0,12947.0,20794.0,18577.0,12206.0
2025-04-27,37000.0,62353.0,15338.0,12933.0,20794.0,18500.0,12206.0
2025-04-28,37063.0,61471.0,15306.0,12933.0,20382.0,18500.0,12206.0
2025-04-29,36750.0,61765.0,15306.0,12933.0,20794.0,18731.0,12206.0
2025-04-30,37000.0,57059.0,15306.0,12933.0,20676.0,18731.0,12206.0
2025-05-01,37000.0,55588.0,15306.0,12933.0,20912.0,18654.0,12206.0
2025-05-02,37286.0,55294.0,15306.0,13000.0,20735.0,18654.0,12206.0
2025-05-03,37625.0,55471.0,15338.0,12933.0,20676.0,18577.0,12206.0
2025-05-04,37313.0,56353.0,15338.0,12933.0,20912.0,18577.0,12206.0
2025-05-05,37313.0,56471.0,15293.0,12929.0,20912.0,18577.0,12206.0
2025-05-06,37313.0,55647.0,15338.0,12933.0,20912.0,18538.0,12088.0
2025-05-07,37375.0,55824.0,15213.0,12833.0,20676.0,18577.0,12206.0
2025-05-08,37462.0,53824.0,15293.0,12909.0,20853.0,17885.0,12206.0
2025-05-09,37000.0,53824.0,15293.0,12909.0,20618.0,18654.0,12206.0
2025-05-10,37313.0,52941.0,15338.0,12917.0,20912.0,18577.0,12206.0
2025-05-11,37313.0,52353.0,15338.0,12917.0,21029.0,17885.0,12206.0
2025-05-12,37063.0,51765.0,15338.0,12917.0,20794.0,18654.0,12206.0
2025-05-13,37529.0,50941.0,15338.0,12917.0,21029.0,18577.0,12206.0
2025-05-14,37375.0,50294.0,15338.0,12917.0,21029.0,17731.0,12206.0
2025-05-15,37467.0,50625.0,15338.0,12917.0,21029.0,18577.0,12559.0
2025-05-16,37375.0,49412.0,15338.0,12917.0,20912.0,18577.0,12206.0
2025-05-17,37063.0,46471.0,15338.0,12917.0,20853.0,18615.0,12265.0
2025-05-18,37462.0,45714.0,15300.0,12833.0,21000.0,18615.0,12214.0
2025-05-19,37529.0,48529.0,15338.0,12917.0,20971.0,18615.0,12294.0
2025-05-20,37313.0,45588.0,15431.0,12917.0,20735.0,18769.0,12235.0
2025-05-21,37313.0,46176.0,15431.0,12917.0,21029.0,18615.0,12206.0
2025-05-22,37563.0,44706.0,15431.0,12917.0,21029.0,18615.0,12206.0
2025-05-23,37688.0,45059.0,15431.0,12917.0,21029.0,18615.0,12088.0
2025-05-24,37688.0,45059.0,15431.0,12917.0,21088.0,18538.0,12206.0
2025-05-25,37375.0,42235.0,15431.0,12917.0,20971.0,18538.0,12206.0
2025-05-26,37688.0,42235.0,15431.0,12917.0,20971.0,18538.0,12206.0
2025-05-27,37688.0,41941.0,15350.0,12917.0,21088.0,18692.0,12206.0
2025-05-28,38176.0,41353.0,15288.0,12917.0,21029.0,18000.0,12206.0
2025-05-29,37688.0,41941.0,15350.0,12917.0,21029.0,18616.0,12206.0
2025-05-30,38385.0,41286.0,15431.0,12889.0,21250.0,18500.0,12107.0
2025-05-31,37867.0,41125.0,15351.0,12917.0,21088.0,18615.0,12206.0
2025-06-01,37688.0,41941.0,15350.0,12917.0,20971.0,18615.0,12324.0
2025-06-02,37750.0,42235.0,15350.0,12917.0,20971.0,18538.0,12235.0
2025-06-03,37538.0,43786.0,15431.0,12917.0,20821.0,18200.0,12321.0
2025-06-04,37867.0,49118.0,15350.0,12917.0,21029.0,18615.0,12235.0
2025-06-05,39188.0,44706.0,15350.0,12917.0,21059.0,18615.0,12265.0
2025-06-06,41400.0,46667.0,15867.0,13000.0,21800.0,18667.0,12600.0
2025-06-07,37636.0,47778.0,15511.0,12813.0,20731.0,18200.0,12269.0
2025-06-08,37357.0,44733.0,15400.0,12917.0,20833.0,18364.0,12267.0
2025-06-09,37688.0,41765.0,15288.0,12958.0,21088.0,18615.0,12265.0
2025-06-10,37688.0,41706.0,15350.0,12917.0,21031.0,18000.0,12250.0
2025-06-11,37688.0,41176.0,15350.0,12875.0,21029.0,18615.0,12265.0
2025-06-12,38222.0,42941.0,15350.0,12917.0,21029.0,18615.0,12265.0
2025-06-13,38000.0,40611.0,15329.0,12917.0,20618.0,18769.0,12265.0
2025-06-14,37688.0,39722.0,15311.0,12917.0,20971.0,18538.0,12324.0
2025-06-15,37688.0,41235.0,15350.0,12917.0,21029.0,18615.0,12265.0
2025-06-16,37688.0,42647.0,15350.0,12917.0,21029.0,18769.0,12206.0
2025-06-17,37375.0,42353.0,15307.0,12909.0,21088.0,18692.0,12294.0
2025-06-18,37667.0,42941.0,15307.0,12909.0,21030.0,18615.0,12265.0
2025-06-19,37688.0,46176.0,15307.0,12909.0,21029.0,18615.0,12265.0
2025-06-20,37867.0,50588.0,15329.0,12950.0,20906.0,18667.0,12281.0
2025-06-21,38063.0,54706.0,15307.0,12909.0,21029.0,18692.0,12324.0
2025-06-22,38533.0,53824.0,15307.0,12909.0,21029.0,18769.0,12265.0
2025-06-23,37824.0,58235.0,15307.0,12955.0,21029.0,18769.0,12324.0
2025-06-24,38000.0,55882.0,15307.0,12909.0,21029.0,19000.0,12324.0
2025-06-25,38000.0,55000.0,15307.0,12909.0,21029.0,18923.0,12324.0
2025-06-26,38571.0,55000.0,15307.0,12909.0,21029.0,19000.0,12324.0
2025-06-27,38000.0,52647.0,15307.0,12909.0,20882.0,18231.0,12265.0
2025-06-28,38000.0,53529.0,15307.0,12864.0,21059.0,18923.0,12265.0
2025-06-29,38000.0,55588.0,15307.0,12909.0,21118.0,18923.0,12324.0
2025-06-30,38313.0,55588.0,15307.0,12909.0,21118.0,18923.0,12324.0
2025-07-01,37063.0,54706.0,15307.0,12909.0,21118.0,19000.0,12324.0
2025-07-02,36750.0,55294.0,15307.0,12909.0,21059.0,18923.0,12382.0
2025-07-03,36750.0,54412.0,15307.0,12909.0,21059.0,18923.0,12382.0
2025-07-04,36938.0,58214.0,15217.0,12938.0,20929.0,19000.0,12357.0
2025-07-05,37375.0,55294.0,15373.0,13136.0,21000.0,19000.0,12382.0
2025-07-06,37063.0,55294.0,15373.0,13137.0,21063.0,18917.0,12313.0
2025-07-07,36500.0,55588.0,15373.0,13136.0,21000.0,18846.0,12265.0
2025-07-08,37231.0,54333.0,15431.0,13167.0,21333.0,19000.0,12367.0
2025-07-09,36688.0,53235.0,15373.0,13136.0,21059.0,19000.0,12324.0
2025-07-10,36867.0,52647.0,15373.0,13136.0,21059.0,19000.0,12324.0
2025-07-11,36867.0,50882.0,15373.0,13136.0,20529.0,19000.0,12324.0
2025-07-12,36688.0,49882.0,15373.0,13136.0,21059.0,19000.0,12265.0
2025-07-13,36750.0,52647.0,15373.0,13136.0,21059.0,19000.0,12265.0
2025-07-14,36875.0,52500.0,15467.0,13188.0,21118.0,19231.0,12324.0
2025-07-15,36750.0,52647.0,15373.0,13136.0,21118.0,19231.0,12265.0
2025-07-16,36750.0,52647.0,15373.0,13136.0,21059.0,19231.0,12200.0
2025-07-17,36750.0,53529.0,15373.0,13136.0,21000.0,19308.0,12265.0
2025-07-18,36750.0,49118.0,15373.0,13136.0,21000.0,19308.0,12265.0
2025-07-19,36867.0,47188.0,15373.0,13136.0,21059.0,19231.0,12206.0
2025-07-20,36750.0,47353.0,15373.0,13136.0,21125.0,19231.0,12656.0
2025-07-21,36867.0,46765.0,15473.0,13136.0,21059.0,19231.0,12265.0
2025-07-22,36813.0,47059.0,15473.0,13136.0,21000.0,19231.0,12265.0
2025-07-23,36750.0,48824.0,15473.0,13091.0,21059.0,19231.0,12324.0
2025-07-24,36750.0,50769.0,15592.0,13188.0,21063.0,19231.0,12281.0
2025-07-25,36750.0,49412.0,15473.0,13182.0,21059.0,19231.0,12265.0
2025-07-26,36750.0,49412.0,15473.0,13136.0,21059.0,19154.0,12265.0
2025-07-27,36750.0,50000.0,15473.0,13136.0,21059.0,18462.0,12265.0
2025-07-28,36750.0,45000.0,15473.0,13136.0,21118.0,19231.0,12147.0
2025-07-29,36938.0,45000.0,15473.0,13136.0,21059.0,18462.0,12265.0
2025-07-30,36647.0,46176.0,15473.0,13136.0,21059.0,19231.0,12147.0
2025-07-31,36556.0,45000.0,15473.0,13136.0,20938.0,19154.0,12313.0
2025-08-01,35929.0,44412.0,15473.0,13136.0,21000.0,19231.0,12265.0
2025-08-02,36813.0,46176.0,15473.0,13136.0,21059.0,19308.0,12294.0
2025-08-03,36750.0,45882.0,15473.0,13136.0,20765.0,19154.0,12147.0
2025-08-04,36750.0,48824.0,15473.0,13136.0,21000.0,18462.0,12294.0
2025-08-05,36867.0,49688.0,15473.0,13136.0,20941.0,19154.0,12294.0
2025-08-06,36563.0,47647.0,15473.0,13136.0,20765.0,19000.0,12147.0
2025-08-07,36867.0,47188.0,15473.0,13227.0,20941.0,19231.0,12235.0
2025-08-08,36750.0,47059.0,15473.0,13136.0,20941.0,19231.0,12294.0
2025-08-09,36750.0,46765.0,15473.0,13136.0,20647.0,19231.0,12294.0
2025-08-10,36933.0,46765.0,15473.0,13136.0,20765.0,19154.0,12353.0
2025-08-11,36438.0,49444.0,15464.0,13136.0,20813.0,19154.0,12250.0
2025-08-12,36188.0,45882.0,15473.0,13136.0,20941.0,18846.0,12294.0
2025-08-13,36938.0,45588.0,15473.0,13136.0,20824.0,18769.0,12294.0
2025-08-14,37067.0,45667.0,15473.0,13136.0,20765.0,19000.0,12294.0
2025-08-15,36867.0,44583.0,15464.0,13136.0,20813.0,19154.0,12188.0
2025-08-16,36688.0,43824.0,15473.0,13091.0,20941.0,19154.0,12294.0
2025-08-17,36667.0,42813.0,15364.0,13050.0,20875.0,19167.0,12125.0
2025-08-18,36786.0,42501.0,15592.0,13188.0,20933.0,19091.0,12333.0
2025-08-19,36563.0,41765.0,15473.0,13136.0,20882.0,19077.0,12294.0
2025-08-20,36867.0,40625.0,15407.0,13136.0,20824.0,19154.0,12294.0
2025-08-21,36750.0,41471.0,15407.0,13137.0,20529.0,19000.0,12294.0
2025-08-22,36938.0,40333.0,15407.0,13045.0,20824.0,19154.0,12176.0
2025-08-23,36750.0,40000.0,15407.0,13045.0,20765.0,19077.0,12294.0
2025-08-24,36923.0,41786.0,15425.0,13063.0,20929.0,19200.0,12214.0
2025-08-25,36563.0,40882.0,15407.0,13045.0,20706.0,19077.0,12176.0
2025-08-26,36800.0,40938.0,15364.0,13350.0,20813.0,19167.0,12188.0
2025-08-27,36563.0,41176.0,15407.0,13045.0,20824.0,19077.0,12294.0
2025-08-28,36667.0,42353.0,15407.0,13318.0,20765.0,19154.0,12353.0
2025-08-29,36786.0,42353.0,15407.0,13045.0,20765.0,19077.0,12294.0
2025-08-30,36923.0,42667.0,15315.0,13045.0,20533.0,18909.0,12333.0
2025-08-31,37000.0,42143.0,15508.0,13200.0,20533.0,18091.0,12333.0
2025-09-01,36938.0,43529.0,15407.0,13045.0,20765.0,19077.0,12235.0
2025-09-02,36867.0,43529.0,15180.0,12936.0,20706.0,18923.0,12294.0
2025-09-03,37125.0,42647.0,15180.0,12936.0,20706.0,18923.0,12294.0
2025-09-04,36667.0,43235.0,15180.0,12936.0,20765.0,19077.0,12235.0
2025-09-05,36875.0,42941.0,15180.0,12936.0,20706.0,19077.0,12294.0
2025-09-06,36786.0,43333.0,15208.0,12922.0,20933.0,18909.0,12200.0
2025-09-07,36588.0,43333.0,15162.0,13000.0,20750.0,19083.0,12625.0
2025-09-08,36500.0,43824.0,15180.0,12945.0,20706.0,19077.0,12294.0
2025-09-09,36533.0,48824.0,15180.0,12945.0,20765.0,18923.0,12294.0
2025-09-10,36500.0,46765.0,15180.0,12936.0,20706.0,19077.0,12294.0
2025-09-11,36667.0,46765.0,15180.0,12936.0,20765.0,19077.0,12294.0
2025-09-12,38143.0,49333.0,15200.0,12911.0,20800.0,18273.0,12333.0
2025-09-13,38462.0,49286.0,15175.0,12875.0,20857.0,19000.0,12286.0
2025-09-14,40059.0,47813.0,15140.0,12909.0,20706.0,19077.0,12294.0
2025-09-15,40071.0,50667.0,15162.0,12889.0,20733.0,19000.0,12333.0
2025-09-16,40733.0,62059.0,15240.0,13045.0,20706.0,19077.0,12235.0
2025-09-17,40933.0,66568.0,15257.0,13150.0,20750.0,19083.0,12188.0
2025-09-18,40125.0,65938.0,15240.0,13045.0,20750.0,19077.0,12250.0
2025-09-19,41692.0,65714.0,15327.0,13071.0,20786.0,19300.0,12357.0
2025-09-20,39438.0,67353.0,15240.0,13045.0,20706.0,19077.0,12294.0
2025-09-21,39625.0,68824.0,15240.0,13045.0,20706.0,19077.0,12353.0
2025-09-22,40313.0,68529.0,15227.0,13045.0,20706.0,19077.0,12294.0
2025-09-23,40267.0,66923.0,15191.0,13000.0,20750.0,19083.0,12188.0
2025-09-24,40563.0,66176.0,15240.0,13045.0,20706.0,19077.0,12176.0
2025-09-25,40933.0,65588.0,15240.0,13409.0,20706.0,19231.0,12235.0
2025-09-26,40813.0,66250.0,15240.0,13045.0,20706.0,19000.0,12294.0
2025-09-27,40563.0,66176.0,15240.0,13045.0,20706.0,19077.0,12294.0
2025-09-28,40385.0,65714.0,15175.0,12875.0,20857.0,19100.0,12357.0
2025-09-29,39750.0,64118.0,15240.0,13045.0,20706.0,19077.0,12294.0
2025-09-30,39500.0,61154.0,15191.0,13214.0,20923.0,19083.0,12154.0
2025-10-01,40625.0,62353.0,15240.0,13045.0,20706.0,19077.0,12294.0
2025-10-02,40563.0,64412.0,15240.0,13045.0,20529.0,19231.0,12294.0
2025-10-03,40375.0,61471.0,15240.0,13045.0,20647.0,19000.0,12294.0
2025-10-04,40125.0,62857.0,15175.0,12875.0,20706.0,19077.0,12353.0
2025-10-05,40733.0,60231.0,15240.0,13045.0,20647.0,19154.0,12294.0
2025-10-06,40067.0,66875.0,15240.0,13045.0,20765.0,19077.0,12294.0
2025-10-07,40438.0,68235.0,15240.0,13045.0,20706.0,19078.0,12294.0
2025-10-08,40467.0,66875.0,15240.0,13045.0,20706.0,19077.0,12294.0
2025-10-09,40267.0,66765.0,15240.0,13045.0,20588.0,18923.0,12294.0
2025-10-10,40267.0,67188.0,15257.0,13050.0,20824.0,19077.0,12235.0
2025-10-11,39938.0,67188.0,15257.0,13150.0,20750.0,19083.0,12188.0
2025-10-12,40267.0,66563.0,15240.0,13045.0,20706.0,19077.0,12235.0
2025-10-13,40286.0,66177.0,15240.0,13227.0,20771.0,19077.0,12235.0
2025-10-14,40267.0,66471.0,15240.0,13045.0,20647.0,19154.0,12294.0
2025-10-15,38800.0,65313.0,15240.0,13045.0,20706.0,19077.0,12235.0
2025-10-16,39133.0,65000.0,15413.0,13208.0,20706.0,19231.0,12294.0
2025-10-17,39667.0,65000.0,15373.0,13318.0,20688.0,19333.0,12188.0
2025-10-18,39600.0,65313.0,15350.0,13208.0,20706.0,19231.0,12294.0
2025-10-19,39600.0,64063.0,15350.0,13250.0,20706.0,19077.0,12294.0
2025-10-20,40267.0,65000.0,15373.0,13364.0,20750.0,19250.0,12125.0
2025-10-21,39600.0,64375.0,15350.0,13208.0,20706.0,19154.0,12176.0
2025-10-22,39600.0,61471.0,15623.0,13432.0,20875.0,19167.0,12250.0
2025-10-23,39938.0,60294.0,15416.0,13292.0,20889.0,19429.0,12222.0
2025-10-24,40267.0,58824.0,15410.0,13386.0,20875.0,19083.0,12188.0
2025-10-25,39933.0,59375.0,15319.0,13325.0,20938.0,19250.0,12188.0
2025-10-26,39750.0,59545.0,15171.0,13045.0,20769.0,19200.0,12308.0
2025-10-27,39706.0,60000.0,15177.0,13083.0,20875.0,19154.0,12313.0
2025-10-28,39933.0,60882.0,15434.0,13063.0,20882.0,19000.0,12206.0
2025-10-29,38857.0,63000.0,15202.0,12933.0,20667.0,18909.0,12334.0
2025-10-30,39538.0,63333.0,15071.0,12829.0,20733.0,18727.0,12267.0
2025-10-31,39923.0,65000.0,14896.0,12938.0,20750.0,18750.0,12250.0
2025-11-01,39214.0,62667.0,14764.0,12771.0,20733.0,18818.0,12400.0
2025-11-02,39538.0,63333.0,14704.0,12925.0,20786.0,18800.0,11929.0
2025-11-03,39571.0,64000.0,14695.0,12792.0,20813.0,19000.0,12250.0
2025-11-04,38900.0,65455.0,14668.0,12806.0,20818.0,18714.0,12364.0
2025-11-05,39769.0,66250.0,14596.0,12875.0,20733.0,18909.0,12200.0
2025-11-06,39000.0,67308.0,14679.0,12886.0,20692.0,18779.0,12154.0
2025-11-07,38857.0,67000.0,14750.0,12771.0,20571.0,18700.0,12357.0
2025-11-08,39214.0,66429.0,14629.0,12852.0,20786.0,18900.0,12143.0
2025-11-09,38857.0,66333.0,14657.0,12807.0,20733.0,19182.0,12267.0
2025-11-10,39154.0,65714.0,14675.0,12807.0,20733.0,18909.0,12200.0
2025-11-11,39154.0,66071.0,14727.0,12864.0,20643.0,18800.0,12357.0
2025-11-12,38750.0,64615.0,14727.0,12841.0,20643.0,18800.0,11643.0
2025-11-13,38857.0,65667.0,14708.0,12886.0,20733.0,18909.0,12133.0
2025-11-14,39154.0,65667.0,14704.0,12950.0,20786.0,18900.0,12143.0
2025-11-15,39000.0,66071.0,14728.0,12886.0,20733.0,18091.0,12000.0
2025-11-16,39154.0,66071.0,14727.0,12975.0,20769.0,18900.0,12231.0
2025-11-17,38917.0,67308.0,14727.0,12886.0,20733.0,18818.0,12200.0
2025-11-18,39154.0,66429.0,14727.0,12864.0,20733.0,18909.0,12333.0
2025-11-19,38800.0,66333.0,14750.0,12813.0,20733.0,18909.0,12267.0
2025-11-20,39000.0,66333.0,14719.0,12931.0,20786.0,18900.0,12071.0
2025-11-21,39083.0,66923.0,14730.0,12843.0,20846.0,18889.0,12231.0
2025-11-22,39000.0,66000.0,14716.0,12773.0,20600.0,18727.0,12267.0
2025-11-23,38714.0,65000.0,14694.0,12773.0,20733.0,18091.0,12267.0
2025-11-24,39001.0,66000.0,14716.0,12773.0,20813.0,19000.0,12250.0
2025-11-25,39786.0,62692.0,14694.0,12973.0,20733.0,18818.0,12333.0
2025-11-26,39385.0,63133.0,14694.0,12858.0,20786.0,18800.0,12214.0
2025-11-27,39636.0,64133.0,14694.0,12773.0,20733.0,18909.0,12267.0
2025-11-28,40143.0,62800.0,14669.0,12858.0,20643.0,18800.0,12143.0
2025-11-29,39500.0,65467.0,14779.0,12835.0,20800.0,18909.0,12333.0
2025-11-30,39250.0,66786.0,14781.0,12835.0,20714.0,18800.0,12071.0
2025-12-01,40429.0,67000.0,14669.0,12932.0,20786.0,18900.0,12143.0
2025-12-02,39769.0,66000.0,14717.0,12825.0,20733.0,18818.0,12200.0
2025-12-03,39429.0,70000.0,14759.0,12875.0,20733.0,18909.0,12400.0
2025-12-04,39727.0,71667.0,14648.0,12891.0,20818.0,18714.0,12273.0
2025-12-05,40000.0,70357.0,14671.0,12775.0,20733.0,18909.0,12267.0
2025-12-06,38846.0,67857.0,14740.0,12713.0,20643.0,18800.0,12357.0
2025-12-07,40154.0,70714.0,14759.0,12763.0,20733.0,18091.0,12067.0
2025-12-08,39615.0,71000.0,14759.0,12763.0,20643.0,18800.0,12286.0
2025-12-09,40385.0,72692.0,14759.0,12763.0,20733.0,18909.0,12400.0
2025-12-10,42154.0,71333.0,14687.0,12869.0,20692.0,18778.0,12308.0
2025-12-11,41769.0,70667.0,14702.0,12847.0,20846.0,18900.0,12231.0
2025-12-12,42077.0,70667.0,14759.0,12763.0,20733.0,18091.0,12333.0
2025-12-13,41714.0,70333.0,14777.0,12713.0,20167.0,18909.0,12267.0
2025-12-14,41636.0,70769.0,14702.0,12813.0,20846.0,17778.0,12385.0
2025-12-15,42167.0,71667.0,14717.0,12969.0,20714.0,18800.0,12214.0
2025-12-16,43400.0,70455.0,14693.0,12679.0,20769.0,18889.0,12385.0
2025-12-17,43400.0,69167.0,14710.0,12684.0,20846.0,19222.0,12385.0
2025-12-18,43769.0,70000.0,14736.0,12803.0,20733.0,19182.0,12333.0
2025-12-19,44500.0,67500.0,14802.0,12928.0,20733.0,19091.0,12333.0
2025-12-20,44154.0,62500.0,14816.0,12928.0,20733.0,19091.0,12333.0
2025-12-21,44462.0,65000.0,14816.0,12928.0,20733.0,19091.0,12333.0
2025-12-22,44846.0,63929.0,14802.0,12961.0,20733.0,19091.0,12333.0
2025-12-23,44857.0,62667.0,14773.0,13092.0,20400.0,19273.0,12400.0
2025-12-24,45077.0,63214.0,14840.0,12928.0,20733.0,19273.0,12333.0
2025-12-25,44846.0,60000.0,14802.0,13081.0,20714.0,19100.0,12214.0
2025-12-26,45500.0,57727.0,14830.0,13093.0,20833.0,19364.0,12500.0
2025-12-27,43692.0,62000.0,14833.0,13144.0,20643.0,19100.0,12214.0
2025-12-28,43308.0,59545.0,14830.0,12792.0,20800.0,18273.0,12333.0
2025-12-29,43692.0,58214.0,14827.0,13068.0,20714.0,19100.0,12286.0
2025-12-30,43692.0,55385.0,14845.0,12975.0,20801.0,19364.0,12267.0
2025-12-31,44091.0,51182.0,14919.0,13039.0,20667.0,19273.0,12417.0
2026-01-01,44545.5,50341.0,14874.5,12926.0,20833.5,19261.5,12458.5
2026-01-02,45000.0,49500.0,14830.0,12813.0,21000.0,19250.0,12500.0
2026-01-03,43667.0,46429.0,14738.0,13125.0,21286.0,19333.0,12429.0
2026-01-04,42333.0,47143.0,14742.0,13125.0,21143.0,19167.0,12429.0
2026-01-05,44167.0,47857.0,14742.0,13125.0,21286.0,19167.0,12571.0
2026-01-06,42778.0,50000.0,14747.0,12950.0,21000.0,19333.0,12300.0
2026-01-07,41000.0,47857.0,14747.0,12792.0,20625.0,19000.0,12500.0
2026-01-08,43333.0,44167.0,14718.0,12813.0,20800.0,19250.0,12800.0
2026-01-09,41000.0,45000.0,14716.0,12950.0,20714.0,19333.0,12286.0
2026-01-10,43333.0,38750.0,14605.0,13083.0,21000.0,19333.0,12500.0
2026-01-11,41000.0,45000.0,14716.0,13050.0,20714.0,19333.0,12286.0
2026-01-12,40571.0,46429.0,14969.0,13375.0,20500.0,19500.0,12000.0
2026-01-13,41333.0,44167.0,15060.0,12917.0,20636.0,19286.0,12000.0
2026-01-14,42200.0,45000.0,15087.0,13175.0,20545.0,19375.0,12333.0
2026-01-15,39867.0,45000.0,15107.0,13117.0,20789.0,19643.0,12158.0
2026-01-16,41929.0,45789.0,15049.0,13183.0,20667.0,19615.0,12158.0
2026-01-17,41143.0,45556.0,15100.0,13058.0,20611.0,19615.0,12158.0
2026-01-18,41571.0,45833.0,15107.0,13096.0,20611.0,19615.0,12000.0
2026-01-19,41857.0,45000.0,15107.0,12886.0,20895.0,19538.0,12050.0
2026-01-20,42714.0,43056.0,15109.0,13146.0,20895.0,19769.0,12000.0
2026-01-21,42600.0,43000.0,15084.0,13135.0,20737.0,19615.0,12050.0
2026-01-22,42786.0,43438.0,14989.0,13192.0,20875.0,19818.0,11813.0
2026-01-23,41462.0,44000.0,15064.0,13027.0,20688.0,19800.0,11647.0
2026-01-24,42267.0,43056.0,15090.0,13142.0,20632.0,19846.0,11950.0
2026-01-25,42462.0,44333.0,15089.0,12932.0,20688.0,19600.0,12235.0
2026-01-26,42600.0,43529.0,15107.0,13268.0,20421.0,19615.0,12250.0
2026-01-27,42933.0,44706.0,15091.0,13144.0,20368.0,19615.0,12300.0
2026-01-28,42600.0,45882.0,15091.0,13135.0,20263.0,19615.0,11950.0
2026-01-29,42615.0,45556.0,15109.0,13232.0,20389.0,19846.0,12158.0
2026-01-30,42600.0,45278.0,15097.0,13225.0,20263.0,19692.0,12150.0
2026-01-31,42231.0,46333.0,15072.0,13173.0,20333.0,19800.0,12125.0
2026-02-01,43000.0,45588.0,15109.0,13273.0,20353.0,19833.0,12278.0
2026-02-02,41429.0,43125.0,14984.0,13210.0,20750.0,19818.0,12235.0
2026-02-03,42692.0,43333.0,15103.0,13268.0,20667.0,19231.0,12158.0
2026-02-04,42667.0,43235.0,15050.0,13268.0,20706.0,19833.0,12167.0
2026-02-05,43133.0,47647.0,15184.0,13279.0,20647.0,20000.0,12278.0
2026-02-06,44667.0,50000.0,15159.0,13341.0,20571.0,20071.0,12333.0
2026-02-07,44923.0,50667.0,15070.0,13161.0,20933.0,19813.0,11875.0
2026-02-08,46900.0,52917.0,14802.0,13028.0,20583.0,20100.0,12333.0
2026-02-09,46538.0,50000.0,15028.0,13017.0,20625.0,20063.0,12000.0
2026-02-10,47357.0,50313.0,14933.0,13054.0,20588.0,20167.0,12235.0
2026-02-11,50077.0,54167.0,14985.0,13028.0,21133.0,20071.0,12267.0
2026-02-12,48857.0,51765.0,14920.0,13125.0,20647.0,20250.0,12235.0
2026-02-13,49385.0,52667.0,14968.0,13021.0,20563.0,20063.0,12250.0
2026-02-14,49571.0,52188.0,14983.0,13050.0,20765.0,20056.0,12412.0
2026-02-15,47786.0,53333.0,14877.0,13058.0,20706.0,20056.0,11882.0
2026-02-16,47154.0,55000.0,14918.0,13063.0,20563.0,20063.0,12125.0
2026-02-17,46769.0,52857.0,14983.0,13192.0,20625.0,20063.0,12250.0
2026-02-18,47286.0,53824.0,15002.0,13192.0,20588.0,20167.0,12235.0
2026-02-19,45231.0,57667.0,14975.0,13125.0,20813.0,20438.0,12125.0
2026-02-20,45643.0,60313.0,15002.0,13192.0,20824.0,20500.0,12235.0
2026-02-21,45308.0,61000.0,15010.0,13094.0,20750.0,20438.0,12250.0
2026-02-22,45933.0,61250.0,15034.0,13163.0,20765.0,20500.0,12059.0
2026-02-23,45286.0,60000.0,15028.0,13223.0,20875.0,20500.0,12235.0
2026-02-24,45333.0,57059.0,14984.0,13163.0,20941.0,20500.0,12235.0
2026-02-25,42857.0,54063.0,15009.0,13163.0,20588.0,20056.0,12118.0
2026-02-26,42467.0,51765.0,15009.0,13212.0,20722.0,20550.0,12222.0
2026-02-27,43071.0,52188.0,14984.0,13260.0,20765.0,20500.0,12000.0
2026-02-28,43727.0,55000.0,14971.0,13250.0,20714.0,20750.0,12286.0
2026-03-01,42643.0,53929.0,14971.0,13306.0,20765.0,20500.0,12235.0
2026-03-02,43857.0,50000.0,14995.0,13229.0,20765.0,20389.0,12353.0
2026-03-03,43091.0,47143.0,15035.0,13138.0,20667.0,20500.0,12133.0
2026-03-04,42929.0,48077.0,14950.0,13306.0,20824.0,20500.0,12176.0
2026-03-05,43143.0,50278.0,14902.0,13260.0,20824.0,20500.0,12176.0
2026-03-06,42231.0,51250.0,14885.0,13219.0,20938.0,20438.0,12188.0
2026-03-07,43143.0,49063.0,14939.0,13229.0,20824.0,20500.0,12176.0
2026-03-08,43214.0,49375.0,14923.0,13229.0,21294.0,20500.0,12235.0
2026-03-09,42071.0,49063.0,14920.0,13167.0,21000.0,20556.0,12176.0
2026-03-10,41750.0,50000.0,15167.0,13250.0,20714.0,20333.0,12125.0
2026-03-11,41714.0,49688.0,14920.0,13260.0,21118.0,21000.0,12177.0
2026-03-12,41214.0,49063.0,14922.0,13167.0,21412.0,21000.0,12176.0
2026-03-13,41385.0,48750.0,14953.0,13229.0,21353.0,21000.0,12176.0
2026-03-14,41500.0,52083.0,14929.0,13219.0,21615.0,21600.0,12231.0
2026-03-15,43000.0,52667.0,14888.0,13170.0,21500.0,21000.0,11938.0
2026-03-16,44214.0,51250.0,14920.0,13288.0,21588.0,21000.0,12176.0
2026-03-17,44462.0,55000.0,14928.0,13177.0,21125.0,21000.0,12188.0
2026-03-18,44462.0,58000.0,14883.0,13121.0,21118.0,21333.0,12176.0
2026-03-19,44462.0,59615.0,14810.0,13056.0,21143.0,21000.0,12214.0
2026-03-20,44192.0,95333.0,14848.0,13100.0,21250.0,21000.0,12188.0
2026-03-21,43503.0,82722.0,14881.0,13108.333333333334,21257.666666666668,21200.0,12216.333333333334
2026-03-22,42814.0,70111.0,14914.0,13116.666666666666,21265.333333333332,21400.0,12244.666666666666
2026-03-23,42125.0,57500.0,14947.0,13125.0,21273.0,21600.0,12273.0
2026-03-24,41714.0,54375.0,14972.0,13054.0,21375.0,21000.0,12143.0
2026-03-25,41800.0,51364.0,14845.0,12995.0,21231.0,20571.0,12077.0
2026-03-26,40833.0,52778.0,14835.0,13041.0,21143.0,20875.0,12000.0
2026-03-27,41800.0,49545.0,14848.0,13030.0,21154.0,20571.0,12000.0
2026-03-28,42308.0,49167.0,14808.0,13048.0,21400.0,20750.0,11867.0
2026-03-29,44000.0,50833.0,14781.0,13065.0,21000.0,21000.0,12125.0
2026-03-30,43778.0,50909.0,14835.0,13041.0,21083.0,21200.0,12250.0
2026-03-31,42846.0,48667.0,14827.0,13179.0,20875.0,20889.0,12188.0
2026-04-01,41167.0,54375.0,15047.0,13271.0,21000.0,21143.0,12250.0
2026-04-02,42833.0,50000.0,14860.0,13125.0,21154.0,20750.0,12077.0
2026-04-03,44556.0,50909.0,14936.0,13365.0,20636.0,21667.0,12300.0
2026-04-04,41375.0,52500.0,14993.0,13304.0,20909.0,21333.0,12273.0
2026-04-05,43600.0,53889.0,14947.0,13188.0,21100.0,21200.0,12500.0
2026-04-06,42357.0,46875.0,14802.0,13138.0,21500.0,20889.0,12071.0
2026-04-07,41429.0,46875.0,14808.0,13048.0,21647.0,20889.0,12294.0
2026-04-08,41545.0,49545.0,14984.0,13304.0,21583.0,21500.0,12500.0
2026-04-09,42071.0,47857.0,14808.0,13065.0,21688.0,20889.0,12250.0
2026-04-10,42143.0,46563.0,14808.0,13115.0,21588.0,20889.0,12235.0
2026-04-11,42143.0,45000.0,14723.0,13106.0,21688.0,20889.0,12188.0
2026-04-12,41636.0,47500.0,14760.0,13097.0,21846.0,20750.0,12462.0
2026-04-13,41182.0,48636.0,14762.0,13098.0,21571.0,20857.0,12077.0
2026-04-14,41500.0,46154.0,14894.0,13213.0,22214.0,20889.0,12286.0
2026-04-15,39667.0,45714.0,14925.0,13163.0,22267.0,21000.0,12200.0
2026-04-16,41154.0,45857.0,14835.0,13125.0,22143.0,21500.0,12143.0
2026-04-17,41571.0,47938.0,14808.0,13090.0,21824.0,21556.0,12000.0
2026-04-18,41091.0,49231.0,14993.0,13391.0,22000.0,21000.0,12231.0
2026-04-19,40846.0,47667.0,14775.0,12984.0,21875.0,20750.0,12125.0
2026-04-20,40692.0,54375.0,14788.0,13007.0,21882.0,20667.0,12118.0
2026-04-21,40643.0,54688.0,14808.0,13090.0,21941.0,20667.0,12176.0
2026-04-22,40636.0,54385.0,14910.0,13147.0,21571.0,21833.0,12214.0
2026-04-23,40583.0,53800.0,14768.0,13030.0,21938.0,20375.0,12000.0
2026-04-24,41000.0,55400.0,14768.0,13052.0,21800.0,21714.0,12000.0
2026-04-25,41700.0,55500.0,14835.0,13041.0,21615.0,21800.0,12000.0
2026-04-26,41182.0,60692.0,14879.0,13147.0,21615.0,21800.0,12000.0
2026-04-27,40250.0,58615.0,14859.0,13086.0,21824.0,21222.0,12000.0
2026-04-28,39500.0,53636.0,14830.0,13259.0,22000.0,20833.0,12231.0
2026-04-29,39846.0,52438.0,14858.0,13294.0,21882.0,21333.0,12118.0
